date,product_id,product_name,quantity_sold,unit_price,customer_id,price
2025-06-01,P001,Laptop Dell XPS,1,71437.58,C0001,
2025-06-01,P001,Laptop Dell XPS,1,72924.08,C0002,
2025-06-01,P002,Mouse Wireless,1,1210.86,C0003,
2025-06-01,P005,Printer HP,1,11662.37,C0004,
2025-06-01,P006,Webcam HD,1,2817.15,C0005,
2025-06-01,P007,Headphones Bluetooth,2,4374.2,C0006,
2025-06-01,P011,USB Cable,1,820.7,C0007,
2025-06-01,P011,USB Cable,1,787.22,C0008,
2025-06-01,P012,Power Bank,1,1920.44,C0009,
2025-06-01,P013,Phone Case,1,827.8,C0010,
2025-06-02,P001,Laptop Dell XPS,1,76722.99,C0011,
2025-06-02,P001,Laptop Dell XPS,1,78548.37,C0012,
2025-06-02,P002,Mouse Wireless,1,1239.53,C0013,
2025-06-02,P003,Keyboard Mechanical,1,3571.6,C0014,
2025-06-02,P005,Printer HP,1,12327.68,C0015,
2025-06-02,P005,Printer HP,1,12439.78,C0016,
2025-06-02,P005,Printer HP,1,11944.09,C0017,
2025-06-02,P007,Headphones Bluetooth,2,4434.87,C0018,
2025-06-02,P008,Tablet Samsung,1,25272.83,C0019,
2025-06-02,P009,Speaker Bluetooth,1,2125.95,C0020,
2025-06-02,P010,External HDD,1,6620.0,C0021,
2025-06-02,P011,USB Cable,1,824.4,C0022,
2025-06-02,P012,Power Bank,1,1942.2,C0023,
2025-06-02,P012,Power Bank,3,1962.94,C0024,
2025-06-02,P013,Phone Case,1,830.77,C0025,
2025-06-03,P001,Laptop Dell XPS,1,73236.6,C0026,
2025-06-03,P002,Mouse Wireless,3,1204.68,C0027,
2025-06-03,P003,Keyboard Mechanical,1,3639.24,C0028,
2025-06-03,P005,Printer HP,1,12596.79,C0029,
2025-06-03,P005,Printer HP,1,11509.09,C0030,
2025-06-03,P007,Headphones Bluetooth,2,4557.35,C0031,
2025-06-03,P010,External HDD,1,6425.1,C0032,
2025-06-03,P010,External HDD,1,6518.92,C0033,
2025-06-03,P011,USB Cable,1,814.54,C0034,
2025-06-03,P012,Power Bank,3,1968.04,C0035,
2025-06-03,P013,Phone Case,1,796.3,C0036,
2025-06-03,P013,Phone Case,1,837.75,C0037,
2025-06-03,P014,Desk Lamp,1,1555.58,C0038,
2025-06-04,P001,Laptop Dell XPS,3,75817.28,C0039,
2025-06-04,P007,Headphones Bluetooth,1,4517.72,C0040,
2025-06-04,P007,Headphones Bluetooth,1,4544.53,C0041,
2025-06-04,P008,Tablet Samsung,1,26072.75,C0042,
2025-06-04,P011,USB Cable,1,779.27,C0043,
2025-06-04,P012,Power Bank,1,2046.38,C0044,
2025-06-04,P013,Phone Case,2,770.27,C0045,
2025-06-04,P013,Phone Case,3,773.21,C0046,
2025-06-05,P001,Laptop Dell XPS,2,78482.72,C0047,
2025-06-05,P001,Laptop Dell XPS,1,76597.12,C0048,
2025-06-05,P002,Mouse Wireless,2,1192.57,C0049,
2025-06-05,P005,Printer HP,1,11697.49,C0050,
2025-06-05,P006,Webcam HD,1,2824.73,C0051,
2025-06-05,P007,Headphones Bluetooth,1,4278.24,C0052,
2025-06-05,P007,Headphones Bluetooth,1,4378.02,C0053,
2025-06-05,P007,Headphones Bluetooth,1,4306.89,C0054,
2025-06-05,P008,Tablet Samsung,1,24285.59,C0055,
2025-06-05,P011,USB Cable,2,779.44,C0056,
2025-06-05,P012,Power Bank,1,1918.87,C0057,
2025-06-05,P012,Power Bank,1,1970.86,C0058,
2025-06-05,P013,Phone Case,3,764.33,C0059,
2025-06-05,P014,Desk Lamp,1,1434.09,C0060,
2025-06-06,P001,Laptop Dell XPS,1,73114.92,C0061,
2025-06-06,P001,Laptop Dell XPS,1,72301.37,C0062,
2025-06-06,P002,Mouse Wireless,2,1169.98,C0063,
2025-06-06,P002,Mouse Wireless,1,1236.96,C0064,
2025-06-06,P003,Keyboard Mechanical,1,3553.25,C0065,
2025-06-06,P006,Webcam HD,1,2919.38,C0066,
2025-06-06,P007,Headphones Bluetooth,1,4493.54,C0067,
2025-06-06,P008,Tablet Samsung,1,24161.59,C0068,
2025-06-06,P009,Speaker Bluetooth,1,2293.83,C0069,
2025-06-06,P010,External HDD,1,6627.78,C0070,
2025-06-06,P011,USB Cable,1,772.38,C0071,
2025-06-06,P012,Power Bank,1,2015.84,C0072,
2025-06-06,P013,Phone Case,3,785.09,C0073,
2025-06-06,P014,Desk Lamp,2,1500.43,C0074,
2025-06-07,P001,Laptop Dell XPS,1,78455.84,C0075,
2025-06-07,P002,Mouse Wireless,1,1211.4,C0076,
2025-06-07,P004,Monitor 24inch,1,17315.8,C0077,
2025-06-07,P007,Headphones Bluetooth,1,4553.72,C0078,
2025-06-07,P010,External HDD,1,6782.56,C0079,
2025-06-07,P011,USB Cable,1,779.09,C0080,
2025-06-07,P013,Phone Case,2,796.58,C0081,
2025-06-07,P014,Desk Lamp,1,1518.17,C0082,
2025-06-08,P001,Laptop Dell XPS,1,75282.26,C0083,
2025-06-08,P002,Mouse Wireless,1,1251.99,C0084,
2025-06-08,P004,Monitor 24inch,1,17612.98,C0085,
2025-06-08,P005,Printer HP,1,12134.01,C0086,
2025-06-08,P006,Webcam HD,1,2847.0,C0087,
2025-06-08,P007,Headphones Bluetooth,1,4697.52,C0088,
2025-06-08,P009,Speaker Bluetooth,1,2285.74,C0089,
2025-06-08,P011,USB Cable,1,781.79,C0090,
2025-06-08,P012,Power Bank,3,1940.72,C0091,
2025-06-08,P013,Phone Case,5,799.08,C0092,
2025-06-09,P001,Laptop Dell XPS,2,77470.11,C0093,
2025-06-09,P002,Mouse Wireless,3,1232.53,C0094,
2025-06-09,P003,Keyboard Mechanical,1,3584.43,C0095,
2025-06-09,P003,Keyboard Mechanical,1,3521.32,C0096,
2025-06-09,P004,Monitor 24inch,1,18082.06,C0097,
2025-06-09,P005,Printer HP,1,11915.74,C0098,
2025-06-09,P007,Headphones Bluetooth,3,4679.54,C0099,
2025-06-09,P007,Headphones Bluetooth,2,4369.53,C0100,
2025-06-09,P008,Tablet Samsung,1,24634.2,C0101,
2025-06-09,P008,Tablet Samsung,1,26184.59,C0102,
2025-06-09,P009,Speaker Bluetooth,1,2280.21,C0103,
2025-06-09,P010,External HDD,1,6291.58,C0104,
2025-06-09,P011,USB Cable,1,781.34,C0105,
2025-06-09,P012,Power Bank,2,2074.43,C0106,
2025-06-09,P013,Phone Case,1,825.33,C0107,
2025-06-10,P001,Laptop Dell XPS,2,77404.02,C0108,
2025-06-10,P002,Mouse Wireless,1,1219.2,C0109,
2025-06-10,P004,Monitor 24inch,1,18655.84,C0110,
2025-06-10,P006,Webcam HD,2,2850.27,C0111,
2025-06-10,P007,Headphones Bluetooth,1,4326.9,C0112,
2025-06-10,P007,Headphones Bluetooth,1,4536.27,C0113,
2025-06-10,P008,Tablet Samsung,1,25241.43,C0114,
2025-06-10,P010,External HDD,2,6458.66,C0115,
2025-06-10,P010,External HDD,1,6425.38,C0116,
2025-06-10,P011,USB Cable,1,763.55,C0117,
2025-06-10,P012,Power Bank,1,1972.84,C0118,
2025-06-10,P013,Phone Case,3,809.85,C0119,
2025-06-10,P013,Phone Case,1,817.58,C0120,
2025-06-10,P013,Phone Case,1,813.35,C0121,
2025-06-11,P001,Laptop Dell XPS,1,75408.09,C0122,
2025-06-11,P002,Mouse Wireless,1,1221.28,C0123,
2025-06-11,P006,Webcam HD,2,2773.7,C0124,
2025-06-11,P008,Tablet Samsung,1,24275.46,C0125,
2025-06-11,P010,External HDD,1,6477.24,C0126,
2025-06-11,P011,USB Cable,1,800.89,C0127,
2025-06-11,P011,USB Cable,1,812.71,C0128,
2025-06-11,P012,Power Bank,2,1918.68,C0129,
2025-06-11,P013,Phone Case,2,777.97,C0130,
2025-06-11,P013,Phone Case,1,761.95,C0131,
2025-06-12,P002,Mouse Wireless,5,1241.97,C0132,
2025-06-12,P003,Keyboard Mechanical,4,3635.15,C0133,
2025-06-12,P003,Keyboard Mechanical,1,3576.42,C0134,
2025-06-12,P008,Tablet Samsung,1,24359.96,C0135,
2025-06-12,P010,External HDD,1,6755.23,C0136,
2025-06-12,P011,USB Cable,1,774.07,C0137,
2025-06-12,P011,USB Cable,1,764.02,C0138,
2025-06-12,P012,Power Bank,4,1926.67,C0139,
2025-06-12,P013,Phone Case,3,836.0,C0140,
2025-06-12,P013,Phone Case,1,826.45,C0141,
2025-06-13,P001,Laptop Dell XPS,2,76827.42,C0142,
2025-06-13,P001,Laptop Dell XPS,2,73193.94,C0143,
2025-06-13,P002,Mouse Wireless,3,1231.9,C0144,
2025-06-13,P002,Mouse Wireless,1,1215.21,C0145,
2025-06-13,P003,Keyboard Mechanical,1,3574.74,C0146,
2025-06-13,P003,Keyboard Mechanical,2,3442.55,C0147,
2025-06-13,P005,Printer HP,1,11581.0,C0148,
2025-06-13,P007,Headphones Bluetooth,2,4592.89,C0149,
2025-06-13,P007,Headphones Bluetooth,2,4458.42,C0150,
2025-06-13,P007,Headphones Bluetooth,1,4462.1,C0151,
2025-06-13,P009,Speaker Bluetooth,2,2289.06,C0152,
2025-06-13,P009,Speaker Bluetooth,1,2278.48,C0153,
2025-06-13,P011,USB Cable,1,760.47,C0154,
2025-06-13,P012,Power Bank,2,2070.69,C0155,
2025-06-13,P012,Power Bank,1,1997.65,C0156,
2025-06-13,P013,Phone Case,1,762.32,C0157,
2025-06-13,P014,Desk Lamp,1,1533.63,C0158,
2025-06-14,P003,Keyboard Mechanical,1,3642.43,C0159,
2025-06-14,P004,Monitor 24inch,1,17251.11,C0160,
2025-06-14,P004,Monitor 24inch,1,18660.33,C0161,
2025-06-14,P006,Webcam HD,1,2766.15,C0162,
2025-06-14,P007,Headphones Bluetooth,2,4426.88,C0163,
2025-06-14,P008,Tablet Samsung,2,24380.68,C0164,
2025-06-14,P010,External HDD,1,6661.87,C0165,
2025-06-14,P011,USB Cable,1,812.01,C0166,
2025-06-14,P011,USB Cable,1,820.34,C0167,
2025-06-14,P012,Power Bank,1,2024.27,C0168,
2025-06-14,P013,Phone Case,1,813.56,C0169,
2025-06-15,P002,Mouse Wireless,4,1223.94,C0170,
2025-06-15,P004,Monitor 24inch,1,18500.03,C0171,
2025-06-15,P005,Printer HP,1,12094.42,C0172,
2025-06-15,P006,Webcam HD,1,2771.06,C0173,
2025-06-15,P007,Headphones Bluetooth,1,4541.44,C0174,
2025-06-15,P008,Tablet Samsung,1,25492.98,C0175,
2025-06-15,P010,External HDD,1,6692.55,C0176,
2025-06-15,P011,USB Cable,2,802.62,C0177,
2025-06-15,P013,Phone Case,1,800.48,C0178,
2025-06-15,P013,Phone Case,1,827.97,C0179,
2025-06-16,P001,Laptop Dell XPS,1,78455.91,C0180,
2025-06-16,P002,Mouse Wireless,3,1158.36,C0181,
2025-06-16,P003,Keyboard Mechanical,3,3540.57,C0182,
2025-06-16,P003,Keyboard Mechanical,1,3487.71,C0183,
2025-06-16,P004,Monitor 24inch,2,17680.15,C0184,
2025-06-16,P005,Printer HP,2,12457.96,C0185,
2025-06-16,P006,Webcam HD,1,2754.19,C0186,
2025-06-16,P007,Headphones Bluetooth,1,4494.4,C0187,
2025-06-16,P007,Headphones Bluetooth,1,4428.15,C0188,
2025-06-16,P009,Speaker Bluetooth,1,2212.27,C0189,
2025-06-16,P010,External HDD,1,6331.88,C0190,
2025-06-16,P011,USB Cable,5,820.65,C0191,
2025-06-16,P011,USB Cable,1,811.67,C0192,
2025-06-16,P012,Power Bank,1,1918.61,C0193,
2025-06-16,P013,Phone Case,4,784.5,C0194,
2025-06-16,P013,Phone Case,3,797.86,C0195,
2025-06-17,P001,Laptop Dell XPS,2,78724.74,C0196,
2025-06-17,P002,Mouse Wireless,2,1224.34,C0197,
2025-06-17,P002,Mouse Wireless,1,1170.17,C0198,
2025-06-17,P003,Keyboard Mechanical,2,3435.44,C0199,
2025-06-17,P003,Keyboard Mechanical,1,3392.04,C0200,
2025-06-17,P003,Keyboard Mechanical,1,3421.77,C0201,
2025-06-17,P004,Monitor 24inch,1,18864.92,C0202,
2025-06-17,P005,Printer HP,1,11833.06,C0203,
2025-06-17,P008,Tablet Samsung,1,24435.78,C0204,
2025-06-17,P012,Power Bank,2,2039.48,C0205,
2025-06-17,P013,Phone Case,4,768.21,C0206,
2025-06-17,P013,Phone Case,1,797.55,C0207,
2025-06-18,P001,Laptop Dell XPS,1,78491.23,C0208,
2025-06-18,P001,Laptop Dell XPS,1,72105.65,C0209,
2025-06-18,P002,Mouse Wireless,4,1148.89,C0210,
2025-06-18,P002,Mouse Wireless,1,1158.21,C0211,
2025-06-18,P003,Keyboard Mechanical,1,3672.87,C0212,
2025-06-18,P003,Keyboard Mechanical,1,3537.21,C0213,
2025-06-18,P007,Headphones Bluetooth,1,4477.73,C0214,
2025-06-18,P008,Tablet Samsung,1,24513.45,C0215,
2025-06-18,P010,External HDD,1,6790.93,C0216,
2025-06-18,P011,USB Cable,1,781.17,C0217,
2025-06-18,P013,Phone Case,1,773.91,C0218,
2025-06-19,P002,Mouse Wireless,1,1189.02,C0219,
2025-06-19,P003,Keyboard Mechanical,2,3426.94,C0220,
2025-06-19,P005,Printer HP,1,12243.59,C0221,
2025-06-19,P007,Headphones Bluetooth,1,4690.76,C0222,
2025-06-19,P009,Speaker Bluetooth,1,2183.53,C0223,
2025-06-19,P009,Speaker Bluetooth,1,2232.48,C0224,
2025-06-19,P011,USB Cable,1,764.77,C0225,
2025-06-19,P012,Power Bank,2,1987.83,C0226,
2025-06-19,P013,Phone Case,3,815.98,C0227,
2025-06-19,P013,Phone Case,1,795.02,C0228,
2025-06-20,P001,Laptop Dell XPS,2,76759.0,C0229,
2025-06-20,P002,Mouse Wireless,1,1150.96,C0230,
2025-06-20,P002,Mouse Wireless,1,1259.95,C0231,
2025-06-20,P003,Keyboard Mechanical,1,3592.09,C0232,
2025-06-20,P006,Webcam HD,2,2916.5,C0233,
2025-06-20,P007,Headphones Bluetooth,2,4560.65,C0234,
2025-06-20,P008,Tablet Samsung,1,24619.9,C0235,
2025-06-20,P009,Speaker Bluetooth,1,2278.7,C0236,
2025-06-20,P011,USB Cable,3,799.64,C0237,
2025-06-20,P012,Power Bank,3,1907.34,C0238,
2025-06-20,P013,Phone Case,1,785.86,C0239,
2025-06-21,P002,Mouse Wireless,1,1218.92,C0240,
2025-06-21,P004,Monitor 24inch,1,17197.57,C0241,
2025-06-21,P007,Headphones Bluetooth,1,4556.43,C0242,
2025-06-21,P009,Speaker Bluetooth,2,2210.83,C0243,
2025-06-21,P011,USB Cable,4,769.71,C0244,
2025-06-21,P012,Power Bank,1,2041.96,C0245,
2025-06-21,P013,Phone Case,1,804.18,C0246,
2025-06-22,P003,Keyboard Mechanical,1,3486.51,C0247,
2025-06-22,P004,Monitor 24inch,1,17997.08,C0248,
2025-06-22,P011,USB Cable,3,816.43,C0249,
2025-06-22,P012,Power Bank,2,1948.75,C0250,
2025-06-22,P012,Power Bank,1,1976.72,C0251,
2025-06-22,P013,Phone Case,1,829.12,C0252,
2025-06-22,P014,Desk Lamp,1,1565.14,C0253,
2025-06-23,P001,Laptop Dell XPS,1,73371.29,C0254,
2025-06-23,P002,Mouse Wireless,3,1259.87,C0255,
2025-06-23,P003,Keyboard Mechanical,2,3513.5,C0256,
2025-06-23,P004,Monitor 24inch,1,17919.62,C0257,
2025-06-23,P007,Headphones Bluetooth,3,4382.46,C0258,
2025-06-23,P008,Tablet Samsung,1,23859.12,C0259,
2025-06-23,P009,Speaker Bluetooth,1,2174.94,C0260,
2025-06-23,P010,External HDD,1,6496.96,C0261,
2025-06-23,P011,USB Cable,3,837.23,C0262,
2025-06-23,P012,Power Bank,4,1919.94,C0263,
2025-06-23,P013,Phone Case,3,771.53,C0264,
2025-06-24,P001,Laptop Dell XPS,1,74771.18,C0265,
2025-06-24,P002,Mouse Wireless,3,1223.12,C0266,
2025-06-24,P003,Keyboard Mechanical,2,3623.32,C0267,
2025-06-24,P004,Monitor 24inch,1,18228.24,C0268,
2025-06-24,P005,Printer HP,1,12140.95,C0269,
2025-06-24,P006,Webcam HD,1,2939.28,C0270,
2025-06-24,P007,Headphones Bluetooth,1,4715.25,C0271,
2025-06-24,P008,Tablet Samsung,1,24859.2,C0272,
2025-06-24,P008,Tablet Samsung,1,26008.56,C0273,
2025-06-24,P009,Speaker Bluetooth,1,2154.54,C0274,
2025-06-24,P009,Speaker Bluetooth,1,2122.03,C0275,
2025-06-24,P011,USB Cable,3,814.54,C0276,
2025-06-24,P012,Power Bank,1,1915.79,C0277,
2025-06-24,P013,Phone Case,3,779.27,C0278,
2025-06-24,P014,Desk Lamp,1,1494.17,C0279,
2025-06-25,P001,Laptop Dell XPS,2,76251.31,C0280,
2025-06-25,P001,Laptop Dell XPS,1,76332.08,C0281,
2025-06-25,P002,Mouse Wireless,4,1253.43,C0282,
2025-06-25,P004,Monitor 24inch,2,18342.56,C0283,
2025-06-25,P005,Printer HP,1,12599.25,C0284,
2025-06-25,P005,Printer HP,1,11684.65,C0285,
2025-06-25,P006,Webcam HD,1,2937.95,C0286,
2025-06-25,P009,Speaker Bluetooth,1,2150.39,C0287,
2025-06-25,P011,USB Cable,1,832.85,C0288,
2025-06-25,P011,USB Cable,2,826.63,C0289,
2025-06-25,P011,USB Cable,1,808.57,C0290,
2025-06-25,P012,Power Bank,1,2024.18,C0291,
2025-06-25,P013,Phone Case,1,810.26,C0292,
2025-06-25,P013,Phone Case,1,784.71,C0293,
2025-06-26,P001,Laptop Dell XPS,3,73986.46,C0294,
2025-06-26,P002,Mouse Wireless,1,1179.21,C0295,
2025-06-26,P003,Keyboard Mechanical,1,3371.26,C0296,
2025-06-26,P004,Monitor 24inch,1,18594.85,C0297,
2025-06-26,P007,Headphones Bluetooth,2,4610.95,C0298,
2025-06-26,P007,Headphones Bluetooth,1,4485.75,C0299,
2025-06-26,P008,Tablet Samsung,1,25900.35,C0300,
2025-06-26,P009,Speaker Bluetooth,1,2302.8,C0301,
2025-06-26,P012,Power Bank,1,2058.14,C0302,
2025-06-26,P012,Power Bank,1,2007.31,C0303,
2025-06-26,P013,Phone Case,3,806.76,C0304,
2025-06-26,P013,Phone Case,1,768.67,C0305,
2025-06-27,P001,Laptop Dell XPS,1,75896.6,C0306,
2025-06-27,P002,Mouse Wireless,5,1166.56,C0307,
2025-06-27,P005,Printer HP,1,12491.27,C0308,
2025-06-27,P007,Headphones Bluetooth,1,4327.5,C0309,
2025-06-27,P008,Tablet Samsung,1,26239.82,C0310,
2025-06-27,P010,External HDD,1,6751.72,C0311,
2025-06-27,P011,USB Cable,2,789.68,C0312,
2025-06-27,P012,Power Bank,3,1983.83,C0313,
2025-06-27,P013,Phone Case,1,830.83,C0314,
2025-06-27,P013,Phone Case,1,826.7,C0315,
2025-06-27,P013,Phone Case,1,835.12,C0316,
2025-06-27,P014,Desk Lamp,1,1457.59,C0317,
2025-06-28,P002,Mouse Wireless,1,1151.92,C0318,
2025-06-28,P004,Monitor 24inch,1,17208.99,C0319,
2025-06-28,P005,Printer HP,1,12538.81,C0320,
2025-06-28,P009,Speaker Bluetooth,1,2231.17,C0321,
2025-06-28,P010,External HDD,1,6686.42,C0322,
2025-06-28,P011,USB Cable,1,765.49,C0323,
2025-06-28,P012,Power Bank,1,2062.61,C0324,
2025-06-28,P013,Phone Case,2,823.09,C0325,
2025-06-28,P013,Phone Case,1,782.18,C0326,
2025-06-29,P002,Mouse Wireless,2,1235.82,C0327,
2025-06-29,P004,Monitor 24inch,1,17337.25,C0328,
2025-06-29,P004,Monitor 24inch,1,18159.94,C0329,
2025-06-29,P008,Tablet Samsung,1,23881.0,C0330,
2025-06-29,P009,Speaker Bluetooth,1,2254.05,C0331,
2025-06-29,P010,External HDD,1,6508.6,C0332,
2025-06-29,P011,USB Cable,1,835.63,C0333,
2025-06-29,P011,USB Cable,1,796.64,C0334,
2025-06-29,P013,Phone Case,4,827.78,C0335,
2025-06-29,P014,Desk Lamp,1,1498.54,C0336,
2025-06-30,P001,Laptop Dell XPS,1,73665.84,C0337,
2025-06-30,P002,Mouse Wireless,1,1173.0,C0338,
2025-06-30,P003,Keyboard Mechanical,2,3458.32,C0339,
2025-06-30,P006,Webcam HD,1,2787.04,C0340,
2025-06-30,P007,Headphones Bluetooth,1,4631.89,C0341,
2025-06-30,P007,Headphones Bluetooth,3,4567.91,C0342,
2025-06-30,P011,USB Cable,1,794.41,C0343,
2025-06-30,P012,Power Bank,2,2065.48,C0344,
2025-06-30,P013,Phone Case,1,785.0,C0345,
2025-06-30,P013,Phone Case,1,789.94,C0346,
2025-06-30,P014,Desk Lamp,1,1435.07,C0347,
2025-07-01,P001,Laptop Dell XPS,2,71974.23,C0348,
2025-07-01,P002,Mouse Wireless,2,1206.76,C0349,
2025-07-01,P002,Mouse Wireless,3,1207.4,C0350,
2025-07-01,P004,Monitor 24inch,1,17736.48,C0351,
2025-07-01,P005,Printer HP,1,12562.08,C0352,
2025-07-01,P007,Headphones Bluetooth,3,4321.62,C0353,
2025-07-01,P007,Headphones Bluetooth,1,4344.63,C0354,
2025-07-01,P009,Speaker Bluetooth,1,2167.03,C0355,
2025-07-01,P010,External HDD,1,6670.69,C0356,
2025-07-01,P010,External HDD,1,6699.69,C0357,
2025-07-01,P011,USB Cable,5,814.0,C0358,
2025-07-01,P012,Power Bank,5,2085.82,C0359,
2025-07-01,P013,Phone Case,1,774.43,C0360,
2025-07-01,P013,Phone Case,2,833.72,C0361,
2025-07-02,P001,Laptop Dell XPS,1,77773.97,C0362,
2025-07-02,P002,Mouse Wireless,2,1148.35,C0363,
2025-07-02,P003,Keyboard Mechanical,1,3357.12,C0364,
2025-07-02,P006,Webcam HD,1,2777.55,C0365,
2025-07-02,P007,Headphones Bluetooth,2,4415.24,C0366,
2025-07-02,P009,Speaker Bluetooth,1,2284.34,C0367,
2025-07-02,P010,External HDD,5,6207.35,C0368,
2025-07-02,P011,USB Cable,4,812.96,C0369,
2025-07-02,P011,USB Cable,3,795.36,C0370,
2025-07-02,P012,Power Bank,1,1969.03,C0371,
2025-07-02,P013,Phone Case,2,802.15,C0372,
2025-07-03,P001,Laptop Dell XPS,1,74214.48,C0373,
2025-07-03,P003,Keyboard Mechanical,1,3396.55,C0374,
2025-07-03,P005,Printer HP,2,11747.34,C0375,
2025-07-03,P006,Webcam HD,2,2869.16,C0376,
2025-07-03,P007,Headphones Bluetooth,1,4514.66,C0377,
2025-07-03,P008,Tablet Samsung,1,23930.19,C0378,
2025-07-03,P009,Speaker Bluetooth,2,2094.12,C0379,
2025-07-03,P011,USB Cable,2,805.87,C0380,
2025-07-03,P012,Power Bank,2,1957.9,C0381,
2025-07-03,P013,Phone Case,3,773.75,C0382,
2025-07-04,P001,Laptop Dell XPS,2,71910.97,C0383,
2025-07-04,P002,Mouse Wireless,2,1210.66,C0384,
2025-07-04,P003,Keyboard Mechanical,2,3629.68,C0385,
2025-07-04,P004,Monitor 24inch,2,17699.52,C0386,
2025-07-04,P004,Monitor 24inch,1,18018.87,C0387,
2025-07-04,P006,Webcam HD,1,2913.66,C0388,
2025-07-04,P007,Headphones Bluetooth,1,4381.32,C0389,
2025-07-04,P007,Headphones Bluetooth,1,4363.77,C0390,
2025-07-04,P010,External HDD,1,6290.14,C0391,
2025-07-04,P011,USB Cable,4,820.36,C0392,
2025-07-04,P011,USB Cable,1,814.49,C0393,
2025-07-04,P012,Power Bank,2,2072.85,C0394,
2025-07-04,P013,Phone Case,3,795.18,C0395,
2025-07-04,P013,Phone Case,8,810.51,C0396,
2025-07-04,P014,Desk Lamp,1,1477.79,C0397,
2025-07-04,P014,Desk Lamp,1,1494.26,C0398,
2025-07-05,P001,Laptop Dell XPS,1,77487.72,C0399,
2025-07-05,P002,Mouse Wireless,1,1213.8,C0400,
2025-07-05,P002,Mouse Wireless,1,1195.53,C0401,
2025-07-05,P003,Keyboard Mechanical,1,3482.41,C0402,
2025-07-05,P003,Keyboard Mechanical,1,3437.53,C0403,
2025-07-05,P003,Keyboard Mechanical,1,3660.2,C0404,
2025-07-05,P006,Webcam HD,2,2935.07,C0405,
2025-07-05,P007,Headphones Bluetooth,1,4292.61,C0406,
2025-07-05,P007,Headphones Bluetooth,1,4720.94,C0407,
2025-07-05,P009,Speaker Bluetooth,1,2170.06,C0408,
2025-07-05,P010,External HDD,1,6678.4,C0409,
2025-07-05,P011,USB Cable,1,823.14,C0410,
2025-07-05,P011,USB Cable,1,765.27,C0411,
2025-07-05,P012,Power Bank,2,1956.83,C0412,
2025-07-05,P013,Phone Case,1,786.67,C0413,
2025-07-05,P013,Phone Case,1,833.34,C0414,
2025-07-06,P001,Laptop Dell XPS,1,72217.14,C0415,
2025-07-06,P003,Keyboard Mechanical,3,3520.62,C0416,
2025-07-06,P004,Monitor 24inch,1,18306.21,C0417,
2025-07-06,P007,Headphones Bluetooth,1,4565.71,C0418,
2025-07-06,P007,Headphones Bluetooth,1,4283.2,C0419,
2025-07-06,P010,External HDD,1,6397.13,C0420,
2025-07-06,P011,USB Cable,1,840.0,C0421,
2025-07-06,P012,Power Bank,2,2068.89,C0422,
2025-07-07,P001,Laptop Dell XPS,3,77513.4,C0423,
2025-07-07,P002,Mouse Wireless,3,1245.17,C0424,
2025-07-07,P003,Keyboard Mechanical,3,3456.85,C0425,
2025-07-07,P006,Webcam HD,1,2861.93,C0426,
2025-07-07,P007,Headphones Bluetooth,2,4579.36,C0427,
2025-07-07,P007,Headphones Bluetooth,1,4549.77,C0428,
2025-07-07,P008,Tablet Samsung,2,25085.03,C0429,
2025-07-07,P008,Tablet Samsung,2,26009.94,C0430,
2025-07-07,P011,USB Cable,4,796.93,C0431,
2025-07-07,P012,Power Bank,1,2093.25,C0432,
2025-07-07,P013,Phone Case,1,829.84,C0433,
2025-07-07,P013,Phone Case,2,829.93,C0434,
2025-07-08,P001,Laptop Dell XPS,1,73387.97,C0435,
2025-07-08,P002,Mouse Wireless,1,1248.64,C0436,
2025-07-08,P004,Monitor 24inch,1,18803.54,C0437,
2025-07-08,P007,Headphones Bluetooth,2,4693.71,C0438,
2025-07-08,P007,Headphones Bluetooth,1,4453.4,C0439,
2025-07-08,P008,Tablet Samsung,1,26236.31,C0440,
2025-07-08,P010,External HDD,1,6382.15,C0441,
2025-07-08,P011,USB Cable,3,823.31,C0442,
2025-07-08,P011,USB Cable,1,782.95,C0443,
2025-07-08,P012,Power Bank,1,2051.77,C0444,
2025-07-08,P012,Power Bank,1,2023.07,C0445,
2025-07-08,P013,Phone Case,1,777.25,C0446,
2025-07-09,P001,Laptop Dell XPS,1,72083.9,C0447,
2025-07-09,P002,Mouse Wireless,3,1154.62,C0448,
2025-07-09,P004,Monitor 24inch,2,17213.05,C0449,
2025-07-09,P005,Printer HP,1,12158.35,C0450,
2025-07-09,P006,Webcam HD,3,2700.2,C0451,
2025-07-09,P007,Headphones Bluetooth,3,4433.77,C0452,
2025-07-09,P008,Tablet Samsung,1,25410.93,C0453,
2025-07-09,P008,Tablet Samsung,2,23919.2,C0454,
2025-07-09,P009,Speaker Bluetooth,1,2175.9,C0455,
2025-07-09,P009,Speaker Bluetooth,1,2229.85,C0456,
2025-07-09,P011,USB Cable,1,788.57,C0457,
2025-07-09,P012,Power Bank,1,2046.59,C0458,
2025-07-09,P012,Power Bank,1,2054.3,C0459,
2025-07-09,P013,Phone Case,2,763.55,C0460,
2025-07-09,P013,Phone Case,2,825.08,C0461,
2025-07-10,P001,Laptop Dell XPS,2,78606.14,C0462,
2025-07-10,P002,Mouse Wireless,2,1237.38,C0463,
2025-07-10,P002,Mouse Wireless,3,1233.14,C0464,
2025-07-10,P006,Webcam HD,2,2716.45,C0465,
2025-07-10,P007,Headphones Bluetooth,2,4695.02,C0466,
2025-07-10,P008,Tablet Samsung,2,24383.28,C0467,
2025-07-10,P009,Speaker Bluetooth,2,2168.53,C0468,
2025-07-10,P010,External HDD,2,6352.59,C0469,
2025-07-10,P011,USB Cable,4,819.46,C0470,
2025-07-10,P011,USB Cable,1,837.9,C0471,
2025-07-10,P012,Power Bank,1,1973.47,C0472,
2025-07-10,P013,Phone Case,1,818.17,C0473,
2025-07-10,P013,Phone Case,2,808.2,C0474,
2025-07-10,P014,Desk Lamp,1,1473.18,C0475,
2025-07-11,P001,Laptop Dell XPS,2,73548.72,C0476,
2025-07-11,P002,Mouse Wireless,2,1160.0,C0477,
2025-07-11,P002,Mouse Wireless,1,1193.66,C0478,
2025-07-11,P003,Keyboard Mechanical,2,3421.09,C0479,
2025-07-11,P004,Monitor 24inch,1,17753.96,C0480,
2025-07-11,P005,Printer HP,1,12543.35,C0481,
2025-07-11,P006,Webcam HD,2,2669.74,C0482,
2025-07-11,P009,Speaker Bluetooth,1,2169.67,C0483,
2025-07-11,P010,External HDD,1,6616.39,C0484,
2025-07-11,P011,USB Cable,2,821.05,C0485,
2025-07-11,P011,USB Cable,1,802.36,C0486,
2025-07-11,P013,Phone Case,6,782.3,C0487,
2025-07-11,P013,Phone Case,1,818.85,C0488,
2025-07-12,P001,Laptop Dell XPS,1,78101.57,C0489,
2025-07-12,P002,Mouse Wireless,2,1224.48,C0490,
2025-07-12,P005,Printer HP,1,12232.78,C0491,
2025-07-12,P009,Speaker Bluetooth,1,2119.86,C0492,
2025-07-12,P010,External HDD,1,6759.14,C0493,
2025-07-12,P010,External HDD,1,6701.83,C0494,
2025-07-12,P011,USB Cable,2,816.76,C0495,
2025-07-12,P011,USB Cable,1,831.31,C0496,
2025-07-12,P013,Phone Case,1,823.5,C0497,
2025-07-12,P013,Phone Case,1,769.71,C0498,
2025-07-13,P001,Laptop Dell XPS,1,77177.8,C0499,
2025-07-13,P002,Mouse Wireless,3,1208.67,C0500,
2025-07-13,P003,Keyboard Mechanical,2,3539.18,C0501,
2025-07-13,P003,Keyboard Mechanical,1,3433.25,C0502,
2025-07-13,P003,Keyboard Mechanical,1,3508.99,C0503,
2025-07-13,P004,Monitor 24inch,1,17325.59,C0504,
2025-07-13,P004,Monitor 24inch,1,17909.95,C0505,
2025-07-13,P006,Webcam HD,2,2695.93,C0506,
2025-07-13,P008,Tablet Samsung,1,25669.45,C0507,
2025-07-13,P009,Speaker Bluetooth,1,2272.91,C0508,
2025-07-13,P010,External HDD,2,6282.03,C0509,
2025-07-13,P011,USB Cable,2,787.68,C0510,
2025-07-13,P011,USB Cable,2,827.67,C0511,
2025-07-13,P011,USB Cable,1,810.8,C0512,
2025-07-13,P012,Power Bank,1,2025.0,C0513,
2025-07-13,P012,Power Bank,1,2000.51,C0514,
2025-07-13,P013,Phone Case,5,772.34,C0515,
2025-07-14,P001,Laptop Dell XPS,1,77568.98,C0516,
2025-07-14,P002,Mouse Wireless,1,1149.75,C0517,
2025-07-14,P003,Keyboard Mechanical,2,3552.9,C0518,
2025-07-14,P004,Monitor 24inch,1,17996.47,C0519,
2025-07-14,P006,Webcam HD,2,2839.73,C0520,
2025-07-14,P007,Headphones Bluetooth,1,4637.11,C0521,
2025-07-14,P007,Headphones Bluetooth,2,4408.85,C0522,
2025-07-14,P008,Tablet Samsung,1,24145.2,C0523,
2025-07-14,P009,Speaker Bluetooth,1,2134.89,C0524,
2025-07-14,P010,External HDD,1,6734.97,C0525,
2025-07-14,P011,USB Cable,3,838.03,C0526,
2025-07-14,P011,USB Cable,2,801.2,C0527,
2025-07-14,P011,USB Cable,1,779.34,C0528,
2025-07-14,P012,Power Bank,1,1949.58,C0529,
2025-07-14,P013,Phone Case,3,835.63,C0530,
2025-07-14,P014,Desk Lamp,1,1569.4,C0531,
2025-07-15,P002,Mouse Wireless,2,1162.78,C0532,
2025-07-15,P003,Keyboard Mechanical,3,3488.39,C0533,
2025-07-15,P004,Monitor 24inch,1,17262.09,C0534,
2025-07-15,P004,Monitor 24inch,1,18840.04,C0535,
2025-07-15,P007,Headphones Bluetooth,2,4296.9,C0536,
2025-07-15,P008,Tablet Samsung,2,24464.37,C0537,
2025-07-15,P009,Speaker Bluetooth,1,2119.47,C0538,
2025-07-15,P010,External HDD,2,6671.51,C0539,
2025-07-15,P010,External HDD,1,6435.38,C0540,
2025-07-15,P011,USB Cable,1,789.0,C0541,
2025-07-15,P012,Power Bank,4,2000.85,C0542,
2025-07-15,P013,Phone Case,5,814.43,C0543,
2025-07-16,P001,Laptop Dell XPS,1,74204.28,C0544,
2025-07-16,P002,Mouse Wireless,2,1230.6,C0545,
2025-07-16,P002,Mouse Wireless,1,1200.01,C0546,
2025-07-16,P003,Keyboard Mechanical,1,3574.76,C0547,
2025-07-16,P004,Monitor 24inch,2,17368.09,C0548,
2025-07-16,P007,Headphones Bluetooth,2,4694.12,C0549,
2025-07-16,P008,Tablet Samsung,1,26226.54,C0550,
2025-07-16,P009,Speaker Bluetooth,2,2201.61,C0551,
2025-07-16,P010,External HDD,1,6635.68,C0552,
2025-07-16,P011,USB Cable,1,789.47,C0553,
2025-07-16,P011,USB Cable,1,838.39,C0554,
2025-07-16,P013,Phone Case,3,829.77,C0555,
2025-07-17,P001,Laptop Dell XPS,2,73241.48,C0556,
2025-07-17,P002,Mouse Wireless,1,1226.57,C0557,
2025-07-17,P002,Mouse Wireless,1,1160.46,C0558,
2025-07-17,P003,Keyboard Mechanical,1,3376.72,C0559,
2025-07-17,P004,Monitor 24inch,1,18130.63,C0560,
2025-07-17,P006,Webcam HD,1,2665.3,C0561,
2025-07-17,P007,Headphones Bluetooth,1,4460.83,C0562,
2025-07-17,P008,Tablet Samsung,3,25687.43,C0563,
2025-07-17,P009,Speaker Bluetooth,1,2245.27,C0564,
2025-07-17,P009,Speaker Bluetooth,1,2213.4,C0565,
2025-07-17,P010,External HDD,2,6378.94,C0566,
2025-07-17,P011,USB Cable,3,787.39,C0567,
2025-07-17,P012,Power Bank,3,2036.15,C0568,
2025-07-17,P013,Phone Case,4,775.38,C0569,
2025-07-17,P014,Desk Lamp,2,1458.73,C0570,
2025-07-18,P001,Laptop Dell XPS,3,72804.58,C0571,
2025-07-18,P002,Mouse Wireless,3,1197.58,C0572,
2025-07-18,P002,Mouse Wireless,2,1174.53,C0573,
2025-07-18,P003,Keyboard Mechanical,1,3638.52,C0574,
2025-07-18,P004,Monitor 24inch,1,17622.81,C0575,
2025-07-18,P005,Printer HP,1,11815.64,C0576,
2025-07-18,P007,Headphones Bluetooth,2,4611.3,C0577,
2025-07-18,P008,Tablet Samsung,2,26082.56,C0578,
2025-07-18,P009,Speaker Bluetooth,1,2114.03,C0579,
2025-07-18,P009,Speaker Bluetooth,1,2143.34,C0580,
2025-07-18,P010,External HDD,1,6589.66,C0581,
2025-07-18,P011,USB Cable,4,786.42,C0582,
2025-07-18,P012,Power Bank,1,1901.04,C0583,
2025-07-18,P013,Phone Case,4,812.23,C0584,
2025-07-18,P014,Desk Lamp,1,1538.39,C0585,
2025-07-18,P014,Desk Lamp,1,1467.81,C0586,
2025-07-19,P001,Laptop Dell XPS,1,75263.64,C0587,
2025-07-19,P002,Mouse Wireless,1,1190.15,C0588,
2025-07-19,P003,Keyboard Mechanical,1,3600.79,C0589,
2025-07-19,P006,Webcam HD,2,2905.49,C0590,
2025-07-19,P007,Headphones Bluetooth,1,4692.8,C0591,
2025-07-19,P011,USB Cable,2,839.13,C0592,
2025-07-19,P012,Power Bank,1,2077.85,C0593,
2025-07-19,P014,Desk Lamp,1,1465.93,C0594,
2025-07-20,P002,Mouse Wireless,1,1227.73,C0595,
2025-07-20,P003,Keyboard Mechanical,1,3329.93,C0596,
2025-07-20,P003,Keyboard Mechanical,1,3523.72,C0597,
2025-07-20,P008,Tablet Samsung,1,25817.47,C0598,
2025-07-20,P010,External HDD,1,6435.54,C0599,
2025-07-20,P010,External HDD,1,6813.1,C0600,
2025-07-20,P011,USB Cable,1,760.55,C0601,
2025-07-20,P011,USB Cable,1,795.74,C0602,
2025-07-20,P012,Power Bank,1,2016.49,C0603,
2025-07-20,P013,Phone Case,2,812.29,C0604,
2025-07-21,P001,Laptop Dell XPS,1,76258.4,C0605,
2025-07-21,P002,Mouse Wireless,1,1188.65,C0606,
2025-07-21,P002,Mouse Wireless,1,1222.83,C0607,
2025-07-21,P003,Keyboard Mechanical,2,3540.12,C0608,
2025-07-21,P004,Monitor 24inch,1,17375.73,C0609,
2025-07-21,P007,Headphones Bluetooth,3,4462.13,C0610,
2025-07-21,P007,Headphones Bluetooth,1,4615.81,C0611,
2025-07-21,P008,Tablet Samsung,1,25450.85,C0612,
2025-07-21,P009,Speaker Bluetooth,1,2206.2,C0613,
2025-07-21,P010,External HDD,1,6215.14,C0614,
2025-07-21,P011,USB Cable,2,805.82,C0615,
2025-07-21,P011,USB Cable,1,786.25,C0616,
2025-07-21,P011,USB Cable,1,769.3,C0617,
2025-07-21,P012,Power Bank,5,1997.77,C0618,
2025-07-21,P013,Phone Case,1,796.27,C0619,
2025-07-21,P013,Phone Case,2,796.54,C0620,
2025-07-21,P014,Desk Lamp,1,1525.92,C0621,
2025-07-22,P001,Laptop Dell XPS,1,74219.62,C0622,
2025-07-22,P001,Laptop Dell XPS,2,75587.33,C0623,
2025-07-22,P001,Laptop Dell XPS,2,73833.97,C0624,
2025-07-22,P002,Mouse Wireless,1,1252.15,C0625,
2025-07-22,P002,Mouse Wireless,2,1143.81,C0626,
2025-07-22,P003,Keyboard Mechanical,1,3593.04,C0627,
2025-07-22,P005,Printer HP,1,11849.35,C0628,
2025-07-22,P008,Tablet Samsung,2,24689.11,C0629,
2025-07-22,P010,External HDD,1,6599.8,C0630,
2025-07-22,P011,USB Cable,1,839.43,C0631,
2025-07-22,P013,Phone Case,1,818.23,C0632,
2025-07-22,P013,Phone Case,1,820.49,C0633,
2025-07-22,P013,Phone Case,1,813.88,C0634,
2025-07-23,P001,Laptop Dell XPS,4,77425.2,C0635,
2025-07-23,P002,Mouse Wireless,1,1158.61,C0636,
2025-07-23,P003,Keyboard Mechanical,1,3336.28,C0637,
2025-07-23,P003,Keyboard Mechanical,2,3540.22,C0638,
2025-07-23,P003,Keyboard Mechanical,1,3397.13,C0639,
2025-07-23,P004,Monitor 24inch,1,17903.59,C0640,
2025-07-23,P004,Monitor 24inch,1,17540.52,C0641,
2025-07-23,P005,Printer HP,1,11681.21,C0642,
2025-07-23,P006,Webcam HD,1,2801.09,C0643,
2025-07-23,P007,Headphones Bluetooth,1,4534.86,C0644,
2025-07-23,P008,Tablet Samsung,1,24504.41,C0645,
2025-07-23,P009,Speaker Bluetooth,1,2180.98,C0646,
2025-07-23,P010,External HDD,1,6581.9,C0647,
2025-07-23,P011,USB Cable,2,763.75,C0648,
2025-07-23,P012,Power Bank,3,1976.23,C0649,
2025-07-23,P013,Phone Case,7,792.66,C0650,
2025-07-23,P013,Phone Case,1,774.71,C0651,
2025-07-23,P014,Desk Lamp,1,1552.4,C0652,
2025-07-24,P001,Laptop Dell XPS,1,77293.32,C0653,
2025-07-24,P002,Mouse Wireless,2,1256.13,C0654,
2025-07-24,P002,Mouse Wireless,1,1186.61,C0655,
2025-07-24,P003,Keyboard Mechanical,1,3551.35,C0656,
2025-07-24,P004,Monitor 24inch,1,18064.14,C0657,
2025-07-24,P006,Webcam HD,2,2765.61,C0658,
2025-07-24,P007,Headphones Bluetooth,1,4668.13,C0659,
2025-07-24,P007,Headphones Bluetooth,1,4490.73,C0660,
2025-07-24,P008,Tablet Samsung,1,24279.52,C0661,
2025-07-24,P008,Tablet Samsung,1,25617.2,C0662,
2025-07-24,P010,External HDD,1,6432.81,C0663,
2025-07-24,P011,USB Cable,2,822.04,C0664,
2025-07-24,P011,USB Cable,1,802.69,C0665,
2025-07-24,P012,Power Bank,2,1971.93,C0666,
2025-07-24,P013,Phone Case,1,824.23,C0667,
2025-07-24,P013,Phone Case,2,820.93,C0668,
2025-07-24,P014,Desk Lamp,1,1471.94,C0669,
2025-07-25,P002,Mouse Wireless,1,1228.95,C0670,
2025-07-25,P003,Keyboard Mechanical,3,3652.17,C0671,
2025-07-25,P007,Headphones Bluetooth,4,4407.84,C0672,
2025-07-25,P008,Tablet Samsung,1,24699.6,C0673,
2025-07-25,P008,Tablet Samsung,1,25126.61,C0674,
2025-07-25,P009,Speaker Bluetooth,1,2257.94,C0675,
2025-07-25,P011,USB Cable,3,819.17,C0676,
2025-07-25,P012,Power Bank,3,2059.0,C0677,
2025-07-25,P013,Phone Case,6,803.72,C0678,
2025-07-25,P014,Desk Lamp,1,1503.59,C0679,
2025-07-26,P003,Keyboard Mechanical,1,3592.52,C0680,
2025-07-26,P004,Monitor 24inch,1,17222.34,C0681,
2025-07-26,P007,Headphones Bluetooth,1,4502.58,C0682,
2025-07-26,P010,External HDD,1,6603.53,C0683,
2025-07-26,P011,USB Cable,5,804.13,C0684,
2025-07-26,P013,Phone Case,2,802.86,C0685,
2025-07-27,P001,Laptop Dell XPS,1,77296.26,C0686,
2025-07-27,P002,Mouse Wireless,1,1202.93,C0687,
2025-07-27,P005,Printer HP,1,12378.26,C0688,
2025-07-27,P006,Webcam HD,1,2764.45,C0689,
2025-07-27,P007,Headphones Bluetooth,1,4720.6,C0690,
2025-07-27,P009,Speaker Bluetooth,1,2233.82,C0691,
2025-07-27,P009,Speaker Bluetooth,1,2110.57,C0692,
2025-07-27,P010,External HDD,1,6211.47,C0693,
2025-07-27,P011,USB Cable,1,766.61,C0694,
2025-07-27,P013,Phone Case,2,805.27,C0695,
2025-07-27,P013,Phone Case,1,778.38,C0696,
2025-07-28,P001,Laptop Dell XPS,1,73283.21,C0697,
2025-07-28,P002,Mouse Wireless,3,1247.92,C0698,
2025-07-28,P002,Mouse Wireless,1,1161.52,C0699,
2025-07-28,P007,Headphones Bluetooth,1,4539.17,C0700,
2025-07-28,P008,Tablet Samsung,1,24498.19,C0701,
2025-07-28,P008,Tablet Samsung,1,25166.74,C0702,
2025-07-28,P010,External HDD,1,6424.5,C0703,
2025-07-28,P011,USB Cable,1,800.06,C0704,
2025-07-28,P012,Power Bank,1,1987.42,C0705,
2025-07-28,P013,Phone Case,1,837.51,C0706,
2025-07-28,P014,Desk Lamp,1,1542.53,C0707,
2025-07-29,P001,Laptop Dell XPS,1,73918.58,C0708,
2025-07-29,P001,Laptop Dell XPS,1,72643.03,C0709,
2025-07-29,P002,Mouse Wireless,4,1150.28,C0710,
2025-07-29,P003,Keyboard Mechanical,1,3574.59,C0711,
2025-07-29,P003,Keyboard Mechanical,1,3378.98,C0712,
2025-07-29,P004,Monitor 24inch,1,18431.38,C0713,
2025-07-29,P004,Monitor 24inch,1,17291.79,C0714,
2025-07-29,P007,Headphones Bluetooth,1,4436.96,C0715,
2025-07-29,P009,Speaker Bluetooth,1,2109.21,C0716,
2025-07-29,P011,USB Cable,3,804.38,C0717,
2025-07-29,P012,Power Bank,1,1917.92,C0718,
2025-07-29,P013,Phone Case,2,829.1,C0719,
2025-07-29,P014,Desk Lamp,2,1483.17,C0720,
2025-07-30,P001,Laptop Dell XPS,3,78039.06,C0721,
2025-07-30,P002,Mouse Wireless,1,1222.24,C0722,
2025-07-30,P003,Keyboard Mechanical,2,3430.4,C0723,
2025-07-30,P004,Monitor 24inch,1,17400.97,C0724,
2025-07-30,P007,Headphones Bluetooth,2,4492.9,C0725,
2025-07-30,P007,Headphones Bluetooth,1,4388.26,C0726,
2025-07-30,P008,Tablet Samsung,3,24989.51,C0727,
2025-07-30,P009,Speaker Bluetooth,2,2113.53,C0728,
2025-07-30,P011,USB Cable,4,786.58,C0729,
2025-07-30,P012,Power Bank,3,1988.04,C0730,
2025-07-30,P012,Power Bank,1,1960.09,C0731,
2025-07-30,P013,Phone Case,2,798.32,C0732,
2025-07-30,P013,Phone Case,2,837.5,C0733,
2025-07-30,P013,Phone Case,1,837.42,C0734,
2025-07-31,P001,Laptop Dell XPS,2,73352.25,C0735,
2025-07-31,P002,Mouse Wireless,1,1251.85,C0736,
2025-07-31,P002,Mouse Wireless,5,1259.67,C0737,
2025-07-31,P003,Keyboard Mechanical,1,3658.55,C0738,
2025-07-31,P004,Monitor 24inch,1,17889.22,C0739,
2025-07-31,P004,Monitor 24inch,1,18574.14,C0740,
2025-07-31,P006,Webcam HD,1,2698.97,C0741,
2025-07-31,P007,Headphones Bluetooth,3,4571.4,C0742,
2025-07-31,P008,Tablet Samsung,1,23934.91,C0743,
2025-07-31,P009,Speaker Bluetooth,2,2207.56,C0744,
2025-07-31,P011,USB Cable,1,823.26,C0745,
2025-07-31,P011,USB Cable,3,831.64,C0746,
2025-07-31,P012,Power Bank,3,2082.88,C0747,
2025-07-31,P013,Phone Case,3,773.31,C0748,
2025-08-01,P001,Laptop Dell XPS,3,78627.06,C0749,
2025-08-01,P002,Mouse Wireless,2,1256.02,C0750,
2025-08-01,P002,Mouse Wireless,1,1152.71,C0751,
2025-08-01,P003,Keyboard Mechanical,1,3503.74,C0752,
2025-08-01,P004,Monitor 24inch,1,17902.4,C0753,
2025-08-01,P004,Monitor 24inch,1,18490.22,C0754,
2025-08-01,P005,Printer HP,1,11813.96,C0755,
2025-08-01,P006,Webcam HD,1,2742.72,C0756,
2025-08-01,P006,Webcam HD,1,2892.77,C0757,
2025-08-01,P007,Headphones Bluetooth,1,4415.35,C0758,
2025-08-01,P008,Tablet Samsung,1,24620.75,C0759,
2025-08-01,P011,USB Cable,4,785.51,C0760,
2025-08-01,P011,USB Cable,1,824.81,C0761,
2025-08-01,P012,Power Bank,2,2029.59,C0762,
2025-08-01,P013,Phone Case,1,801.28,C0763,
2025-08-01,P014,Desk Lamp,1,1508.98,C0764,
2025-08-02,P001,Laptop Dell XPS,4,75973.2,C0765,
2025-08-02,P002,Mouse Wireless,3,1191.86,C0766,
2025-08-02,P003,Keyboard Mechanical,1,3482.35,C0767,
2025-08-02,P004,Monitor 24inch,1,18368.52,C0768,
2025-08-02,P006,Webcam HD,1,2821.66,C0769,
2025-08-02,P007,Headphones Bluetooth,1,4421.69,C0770,
2025-08-02,P008,Tablet Samsung,2,25426.75,C0771,
2025-08-02,P009,Speaker Bluetooth,1,2221.33,C0772,
2025-08-02,P010,External HDD,3,6249.25,C0773,
2025-08-02,P011,USB Cable,2,825.1,C0774,
2025-08-02,P011,USB Cable,2,833.49,C0775,
2025-08-02,P012,Power Bank,1,1962.64,C0776,
2025-08-02,P013,Phone Case,1,774.64,C0777,
2025-08-02,P013,Phone Case,1,800.87,C0778,
2025-08-03,P002,Mouse Wireless,1,1208.98,C0779,
2025-08-03,P002,Mouse Wireless,1,1198.4,C0780,
2025-08-03,P003,Keyboard Mechanical,1,3519.22,C0781,
2025-08-03,P004,Monitor 24inch,1,17436.78,C0782,
2025-08-03,P005,Printer HP,1,12438.63,C0783,
2025-08-03,P005,Printer HP,1,11563.84,C0784,
2025-08-03,P006,Webcam HD,2,2774.56,C0785,
2025-08-03,P009,Speaker Bluetooth,1,2197.51,C0786,
2025-08-03,P010,External HDD,1,6692.32,C0787,
2025-08-03,P010,External HDD,2,6196.25,C0788,
2025-08-03,P012,Power Bank,2,1933.64,C0789,
2025-08-03,P014,Desk Lamp,1,1507.46,C0790,
2025-08-04,P001,Laptop Dell XPS,1,73259.17,C0791,
2025-08-04,P001,Laptop Dell XPS,3,75315.33,C0792,
2025-08-04,P001,Laptop Dell XPS,1,75347.65,C0793,
2025-08-04,P002,Mouse Wireless,6,1239.61,C0794,
2025-08-04,P003,Keyboard Mechanical,1,3482.41,C0795,
2025-08-04,P003,Keyboard Mechanical,1,3478.67,C0796,
2025-08-04,P006,Webcam HD,1,2887.0,C0797,
2025-08-04,P007,Headphones Bluetooth,2,4662.47,C0798,
2025-08-04,P007,Headphones Bluetooth,1,4349.69,C0799,
2025-08-04,P009,Speaker Bluetooth,1,2267.2,C0800,
2025-08-04,P011,USB Cable,3,782.49,C0801,
2025-08-04,P012,Power Bank,2,2095.8,C0802,
2025-08-04,P013,Phone Case,3,781.39,C0803,
2025-08-05,P001,Laptop Dell XPS,1,72266.92,C0804,
2025-08-05,P002,Mouse Wireless,2,1244.05,C0805,
2025-08-05,P003,Keyboard Mechanical,1,3412.39,C0806,
2025-08-05,P003,Keyboard Mechanical,2,3614.97,C0807,
2025-08-05,P007,Headphones Bluetooth,2,4338.98,C0808,
2025-08-05,P007,Headphones Bluetooth,1,4557.52,C0809,
2025-08-05,P008,Tablet Samsung,1,25334.07,C0810,
2025-08-05,P008,Tablet Samsung,1,25039.03,C0811,
2025-08-05,P010,External HDD,1,6470.55,C0812,
2025-08-05,P011,USB Cable,1,829.51,C0813,
2025-08-05,P011,USB Cable,1,818.47,C0814,
2025-08-05,P012,Power Bank,1,2070.02,C0815,
2025-08-05,P013,Phone Case,1,837.45,C0816,
2025-08-06,P001,Laptop Dell XPS,1,73671.49,C0817,
2025-08-06,P002,Mouse Wireless,3,1209.35,C0818,
2025-08-06,P003,Keyboard Mechanical,2,3637.95,C0819,
2025-08-06,P006,Webcam HD,1,2835.33,C0820,
2025-08-06,P007,Headphones Bluetooth,1,4693.24,C0821,
2025-08-06,P008,Tablet Samsung,4,23751.69,C0822,
2025-08-06,P010,External HDD,1,6748.4,C0823,
2025-08-06,P011,USB Cable,2,767.47,C0824,
2025-08-06,P012,Power Bank,1,1974.37,C0825,
2025-08-06,P012,Power Bank,1,1910.36,C0826,
2025-08-06,P013,Phone Case,1,794.34,C0827,
2025-08-07,P001,Laptop Dell XPS,1,71258.15,C0828,
2025-08-07,P001,Laptop Dell XPS,1,72245.25,C0829,
2025-08-07,P001,Laptop Dell XPS,2,71319.65,C0830,
2025-08-07,P002,Mouse Wireless,1,1258.58,C0831,
2025-08-07,P002,Mouse Wireless,3,1155.86,C0832,
2025-08-07,P003,Keyboard Mechanical,4,3356.27,C0833,
2025-08-07,P004,Monitor 24inch,1,17761.61,C0834,
2025-08-07,P006,Webcam HD,2,2876.57,C0835,
2025-08-07,P007,Headphones Bluetooth,1,4305.79,C0836,
2025-08-07,P008,Tablet Samsung,1,24850.25,C0837,
2025-08-07,P009,Speaker Bluetooth,1,2292.38,C0838,
2025-08-07,P011,USB Cable,2,828.8,C0839,
2025-08-07,P011,USB Cable,1,771.2,C0840,
2025-08-07,P012,Power Bank,2,1970.31,C0841,
2025-08-07,P013,Phone Case,2,779.82,C0842,
2025-08-07,P013,Phone Case,1,779.85,C0843,
2025-08-07,P014,Desk Lamp,1,1541.85,C0844,
2025-08-08,P001,Laptop Dell XPS,1,72790.84,C0845,
2025-08-08,P002,Mouse Wireless,1,1229.74,C0846,
2025-08-08,P002,Mouse Wireless,1,1234.06,C0847,
2025-08-08,P002,Mouse Wireless,1,1186.31,C0848,
2025-08-08,P004,Monitor 24inch,1,18050.92,C0849,
2025-08-08,P006,Webcam HD,2,2696.96,C0850,
2025-08-08,P007,Headphones Bluetooth,2,4520.86,C0851,
2025-08-08,P007,Headphones Bluetooth,1,4704.5,C0852,
2025-08-08,P008,Tablet Samsung,1,23784.48,C0853,
2025-08-08,P009,Speaker Bluetooth,1,2298.71,C0854,
2025-08-08,P010,External HDD,1,6583.57,C0855,
2025-08-08,P011,USB Cable,4,816.14,C0856,
2025-08-08,P011,USB Cable,1,782.2,C0857,
2025-08-08,P012,Power Bank,1,2094.86,C0858,
2025-08-08,P013,Phone Case,1,791.26,C0859,
2025-08-09,P001,Laptop Dell XPS,1,73576.27,C0860,
2025-08-09,P001,Laptop Dell XPS,1,71684.29,C0861,
2025-08-09,P002,Mouse Wireless,1,1194.4,C0862,
2025-08-09,P002,Mouse Wireless,1,1177.11,C0863,
2025-08-09,P003,Keyboard Mechanical,1,3366.81,C0864,
2025-08-09,P003,Keyboard Mechanical,1,3570.52,C0865,
2025-08-09,P005,Printer HP,2,12027.61,C0866,
2025-08-09,P006,Webcam HD,1,2764.12,C0867,
2025-08-09,P011,USB Cable,3,830.91,C0868,
2025-08-09,P012,Power Bank,2,1954.4,C0869,
2025-08-09,P012,Power Bank,1,2042.46,C0870,
2025-08-09,P013,Phone Case,1,799.69,C0871,
2025-08-09,P014,Desk Lamp,1,1499.94,C0872,
2025-08-10,P001,Laptop Dell XPS,2,72429.82,C0873,
2025-08-10,P002,Mouse Wireless,1,1167.41,C0874,
2025-08-10,P002,Mouse Wireless,1,1145.28,C0875,
2025-08-10,P002,Mouse Wireless,1,1145.52,C0876,
2025-08-10,P003,Keyboard Mechanical,1,3387.64,C0877,
2025-08-10,P005,Printer HP,1,11669.42,C0878,
2025-08-10,P006,Webcam HD,1,2735.95,C0879,
2025-08-10,P007,Headphones Bluetooth,2,4328.73,C0880,
2025-08-10,P007,Headphones Bluetooth,1,4355.7,C0881,
2025-08-10,P008,Tablet Samsung,2,23922.32,C0882,
2025-08-10,P009,Speaker Bluetooth,1,2162.01,C0883,
2025-08-10,P011,USB Cable,1,789.51,C0884,
2025-08-10,P011,USB Cable,3,822.76,C0885,
2025-08-10,P012,Power Bank,1,1992.79,C0886,
2025-08-10,P012,Power Bank,1,2099.56,C0887,
2025-08-10,P013,Phone Case,1,772.05,C0888,
2025-08-10,P013,Phone Case,1,778.64,C0889,
2025-08-11,P001,Laptop Dell XPS,3,77828.99,C0890,
2025-08-11,P002,Mouse Wireless,3,1185.15,C0891,
2025-08-11,P003,Keyboard Mechanical,2,3361.38,C0892,
2025-08-11,P004,Monitor 24inch,2,17985.65,C0893,
2025-08-11,P006,Webcam HD,3,2738.35,C0894,
2025-08-11,P007,Headphones Bluetooth,5,4460.88,C0895,
2025-08-11,P008,Tablet Samsung,1,25201.93,C0896,
2025-08-11,P009,Speaker Bluetooth,1,2106.46,C0897,
2025-08-11,P011,USB Cable,4,813.0,C0898,
2025-08-11,P012,Power Bank,2,1952.2,C0899,
2025-08-11,P013,Phone Case,3,826.55,C0900,
2025-08-12,P001,Laptop Dell XPS,2,73289.67,C0901,
2025-08-12,P002,Mouse Wireless,2,1233.59,C0902,
2025-08-12,P003,Keyboard Mechanical,1,3361.98,C0903,
2025-08-12,P004,Monitor 24inch,2,17831.72,C0904,
2025-08-12,P005,Printer HP,1,11942.3,C0905,
2025-08-12,P006,Webcam HD,1,2685.32,C0906,
2025-08-12,P006,Webcam HD,1,2891.39,C0907,
2025-08-12,P007,Headphones Bluetooth,1,4371.76,C0908,
2025-08-12,P007,Headphones Bluetooth,1,4316.05,C0909,
2025-08-12,P008,Tablet Samsung,1,25033.65,C0910,
2025-08-12,P009,Speaker Bluetooth,2,2270.42,C0911,
2025-08-12,P009,Speaker Bluetooth,1,2299.46,C0912,
2025-08-12,P010,External HDD,1,6236.57,C0913,
2025-08-12,P011,USB Cable,1,760.96,C0914,
2025-08-12,P012,Power Bank,1,2064.73,C0915,
2025-08-12,P013,Phone Case,1,806.59,C0916,
2025-08-12,P013,Phone Case,1,761.74,C0917,
2025-08-13,P002,Mouse Wireless,2,1237.12,C0918,
2025-08-13,P003,Keyboard Mechanical,1,3339.94,C0919,
2025-08-13,P005,Printer HP,1,12508.96,C0920,
2025-08-13,P007,Headphones Bluetooth,2,4498.26,C0921,
2025-08-13,P008,Tablet Samsung,1,24182.02,C0922,
2025-08-13,P009,Speaker Bluetooth,2,2151.57,C0923,
2025-08-13,P010,External HDD,1,6595.73,C0924,
2025-08-13,P011,USB Cable,5,798.32,C0925,
2025-08-13,P012,Power Bank,2,1927.45,C0926,
2025-08-13,P013,Phone Case,5,779.93,C0927,
2025-08-13,P014,Desk Lamp,1,1542.29,C0928,
2025-08-14,P002,Mouse Wireless,5,1233.77,C0929,
2025-08-14,P003,Keyboard Mechanical,2,3460.93,C0930,
2025-08-14,P004,Monitor 24inch,2,18174.81,C0931,
2025-08-14,P005,Printer HP,1,12370.38,C0932,
2025-08-14,P006,Webcam HD,2,2874.72,C0933,
2025-08-14,P007,Headphones Bluetooth,1,4386.54,C0934,
2025-08-14,P010,External HDD,1,6671.63,C0935,
2025-08-14,P010,External HDD,1,6405.62,C0936,
2025-08-14,P011,USB Cable,2,807.4,C0937,
2025-08-14,P012,Power Bank,1,2082.8,C0938,
2025-08-14,P013,Phone Case,2,835.8,C0939,
2025-08-14,P014,Desk Lamp,1,1550.5,C0940,
2025-08-15,P001,Laptop Dell XPS,2,72566.68,C0941,
2025-08-15,P002,Mouse Wireless,1,1167.91,C0942,
2025-08-15,P003,Keyboard Mechanical,3,3492.3,C0943,
2025-08-15,P004,Monitor 24inch,1,18551.6,C0944,
2025-08-15,P004,Monitor 24inch,1,18753.81,C0945,
2025-08-15,P005,Printer HP,1,11577.25,C0946,
2025-08-15,P006,Webcam HD,1,2897.01,C0947,
2025-08-15,P008,Tablet Samsung,2,25511.35,C0948,
2025-08-15,P011,USB Cable,1,786.92,C0949,
2025-08-15,P011,USB Cable,1,838.07,C0950,
2025-08-15,P013,Phone Case,4,811.93,C0951,
2025-08-15,P014,Desk Lamp,2,1458.49,C0952,
2025-08-16,P001,Laptop Dell XPS,1,73551.17,C0953,
2025-08-16,P002,Mouse Wireless,1,1161.32,C0954,
2025-08-16,P006,Webcam HD,1,2898.21,C0955,
2025-08-16,P008,Tablet Samsung,2,25255.97,C0956,
2025-08-16,P009,Speaker Bluetooth,1,2296.07,C0957,
2025-08-16,P011,USB Cable,1,779.04,C0958,
2025-08-16,P013,Phone Case,3,830.83,C0959,
2025-08-16,P014,Desk Lamp,1,1491.99,C0960,
2025-08-17,P001,Laptop Dell XPS,1,76448.82,C0961,
2025-08-17,P002,Mouse Wireless,1,1226.45,C0962,
2025-08-17,P002,Mouse Wireless,1,1192.59,C0963,
2025-08-17,P003,Keyboard Mechanical,2,3497.58,C0964,
2025-08-17,P006,Webcam HD,1,2688.4,C0965,
2025-08-17,P008,Tablet Samsung,1,24156.64,C0966,
2025-08-17,P008,Tablet Samsung,1,24487.27,C0967,
2025-08-17,P009,Speaker Bluetooth,1,2106.32,C0968,
2025-08-17,P011,USB Cable,1,818.56,C0969,
2025-08-17,P011,USB Cable,1,787.04,C0970,
2025-08-17,P012,Power Bank,1,1986.26,C0971,
2025-08-18,P001,Laptop Dell XPS,2,72428.28,C0972,
2025-08-18,P002,Mouse Wireless,2,1256.93,C0973,
2025-08-18,P002,Mouse Wireless,3,1219.27,C0974,
2025-08-18,P003,Keyboard Mechanical,1,3342.37,C0975,
2025-08-18,P004,Monitor 24inch,1,17376.46,C0976,
2025-08-18,P005,Printer HP,1,11505.15,C0977,
2025-08-18,P007,Headphones Bluetooth,5,4491.15,C0978,
2025-08-18,P007,Headphones Bluetooth,1,4368.13,C0979,
2025-08-18,P007,Headphones Bluetooth,1,4714.68,C0980,
2025-08-18,P008,Tablet Samsung,2,25712.19,C0981,
2025-08-18,P009,Speaker Bluetooth,2,2110.05,C0982,
2025-08-18,P010,External HDD,1,6416.16,C0983,
2025-08-18,P010,External HDD,1,6296.28,C0984,
2025-08-18,P013,Phone Case,4,797.2,C0985,
2025-08-19,P001,Laptop Dell XPS,1,72383.48,C0986,
2025-08-19,P001,Laptop Dell XPS,1,71892.8,C0987,
2025-08-19,P002,Mouse Wireless,1,1256.48,C0988,
2025-08-19,P003,Keyboard Mechanical,1,3619.28,C0989,
2025-08-19,P006,Webcam HD,2,2820.36,C0990,
2025-08-19,P007,Headphones Bluetooth,2,4310.53,C0991,
2025-08-19,P007,Headphones Bluetooth,1,4500.95,C0992,
2025-08-19,P008,Tablet Samsung,3,26206.89,C0993,
2025-08-19,P009,Speaker Bluetooth,1,2128.03,C0994,
2025-08-19,P010,External HDD,1,6257.02,C0995,
2025-08-19,P011,USB Cable,4,776.15,C0996,
2025-08-19,P012,Power Bank,2,1963.95,C0997,
2025-08-19,P013,Phone Case,1,791.05,C0998,
2025-08-19,P014,Desk Lamp,1,1553.49,C0999,
2025-08-20,P001,Laptop Dell XPS,1,77149.13,C1000,
2025-08-20,P001,Laptop Dell XPS,3,75169.22,C1001,
2025-08-20,P002,Mouse Wireless,4,1157.96,C1002,
2025-08-20,P003,Keyboard Mechanical,3,3590.43,C1003,
2025-08-20,P004,Monitor 24inch,1,18514.34,C1004,
2025-08-20,P006,Webcam HD,1,2733.96,C1005,
2025-08-20,P009,Speaker Bluetooth,2,2098.24,C1006,
2025-08-20,P010,External HDD,1,6576.86,C1007,
2025-08-20,P010,External HDD,1,6200.21,C1008,
2025-08-20,P011,USB Cable,2,763.94,C1009,
2025-08-20,P011,USB Cable,2,831.76,C1010,
2025-08-20,P011,USB Cable,1,825.39,C1011,
2025-08-20,P012,Power Bank,2,2068.57,C1012,
2025-08-20,P013,Phone Case,1,837.8,C1013,
2025-08-20,P013,Phone Case,1,784.04,C1014,
2025-08-21,P001,Laptop Dell XPS,1,73270.65,C1015,
2025-08-21,P002,Mouse Wireless,3,1150.71,C1016,
2025-08-21,P003,Keyboard Mechanical,1,3584.33,C1017,
2025-08-21,P004,Monitor 24inch,1,18027.49,C1018,
2025-08-21,P004,Monitor 24inch,1,17660.02,C1019,
2025-08-21,P005,Printer HP,1,12336.62,C1020,
2025-08-21,P006,Webcam HD,1,2708.65,C1021,
2025-08-21,P006,Webcam HD,1,2729.86,C1022,
2025-08-21,P007,Headphones Bluetooth,2,4592.09,C1023,
2025-08-21,P008,Tablet Samsung,2,25012.82,C1024,
2025-08-21,P009,Speaker Bluetooth,1,2143.23,C1025,
2025-08-21,P010,External HDD,2,6290.43,C1026,
2025-08-21,P011,USB Cable,5,787.98,C1027,
2025-08-21,P011,USB Cable,1,819.92,C1028,
2025-08-21,P012,Power Bank,2,1905.49,C1029,
2025-08-21,P013,Phone Case,2,828.57,C1030,
2025-08-22,P001,Laptop Dell XPS,6,72800.48,C1031,
2025-08-22,P002,Mouse Wireless,1,1243.76,C1032,
2025-08-22,P002,Mouse Wireless,1,1196.89,C1033,
2025-08-22,P003,Keyboard Mechanical,2,3535.4,C1034,
2025-08-22,P003,Keyboard Mechanical,1,3413.34,C1035,
2025-08-22,P003,Keyboard Mechanical,2,3473.33,C1036,
2025-08-22,P004,Monitor 24inch,2,17553.6,C1037,
2025-08-22,P006,Webcam HD,2,2823.66,C1038,
2025-08-22,P008,Tablet Samsung,1,25153.64,C1039,
2025-08-22,P009,Speaker Bluetooth,2,2155.66,C1040,
2025-08-22,P011,USB Cable,1,786.9,C1041,
2025-08-22,P011,USB Cable,3,786.01,C1042,
2025-08-22,P012,Power Bank,3,2042.22,C1043,
2025-08-22,P013,Phone Case,1,771.99,C1044,
2025-08-22,P013,Phone Case,1,824.43,C1045,
2025-08-22,P014,Desk Lamp,1,1527.11,C1046,
2025-08-23,P001,Laptop Dell XPS,1,78731.02,C1047,
2025-08-23,P002,Mouse Wireless,4,1186.59,C1048,
2025-08-23,P003,Keyboard Mechanical,3,3673.16,C1049,
2025-08-23,P004,Monitor 24inch,1,18335.37,C1050,
2025-08-23,P007,Headphones Bluetooth,1,4503.29,C1051,
2025-08-23,P008,Tablet Samsung,1,24484.46,C1052,
2025-08-23,P009,Speaker Bluetooth,1,2249.54,C1053,
2025-08-23,P011,USB Cable,2,812.35,C1054,
2025-08-23,P012,Power Bank,1,2048.84,C1055,
2025-08-24,P001,Laptop Dell XPS,3,74037.62,C1056,
2025-08-24,P001,Laptop Dell XPS,1,74728.2,C1057,
2025-08-24,P002,Mouse Wireless,1,1243.97,C1058,
2025-08-24,P002,Mouse Wireless,1,1196.67,C1059,
2025-08-24,P003,Keyboard Mechanical,1,3628.62,C1060,
2025-08-24,P005,Printer HP,1,11895.73,C1061,
2025-08-24,P006,Webcam HD,1,2755.95,C1062,
2025-08-24,P007,Headphones Bluetooth,1,4417.37,C1063,
2025-08-24,P009,Speaker Bluetooth,1,2197.27,C1064,
2025-08-24,P011,USB Cable,1,810.76,C1065,
2025-08-24,P013,Phone Case,2,776.75,C1066,
2025-08-25,P001,Laptop Dell XPS,1,74921.83,C1067,
2025-08-25,P001,Laptop Dell XPS,1,75858.6,C1068,
2025-08-25,P002,Mouse Wireless,2,1191.48,C1069,
2025-08-25,P003,Keyboard Mechanical,1,3338.2,C1070,
2025-08-25,P004,Monitor 24inch,2,18810.12,C1071,
2025-08-25,P006,Webcam HD,1,2665.02,C1072,
2025-08-25,P007,Headphones Bluetooth,2,4376.82,C1073,
2025-08-25,P007,Headphones Bluetooth,2,4333.02,C1074,
2025-08-25,P008,Tablet Samsung,3,24515.29,C1075,
2025-08-25,P010,External HDD,2,6791.5,C1076,
2025-08-25,P011,USB Cable,3,794.69,C1077,
2025-08-25,P011,USB Cable,1,787.42,C1078,
2025-08-25,P012,Power Bank,1,1932.98,C1079,
2025-08-25,P012,Power Bank,1,1945.68,C1080,
2025-08-25,P013,Phone Case,2,818.73,C1081,
2025-08-26,P001,Laptop Dell XPS,1,72173.71,C1082,
2025-08-26,P002,Mouse Wireless,1,1185.02,C1083,
2025-08-26,P002,Mouse Wireless,3,1232.55,C1084,
2025-08-26,P002,Mouse Wireless,1,1211.27,C1085,
2025-08-26,P004,Monitor 24inch,1,18276.42,C1086,
2025-08-26,P004,Monitor 24inch,1,18341.55,C1087,
2025-08-26,P006,Webcam HD,1,2694.61,C1088,
2025-08-26,P007,Headphones Bluetooth,3,4343.91,C1089,
2025-08-26,P011,USB Cable,1,784.09,C1090,
2025-08-26,P012,Power Bank,3,2024.56,C1091,
2025-08-26,P013,Phone Case,7,826.45,C1092,
2025-08-26,P014,Desk Lamp,1,1467.41,C1093,
